{
  "0.3": {
    "energy_kwh_mean": 26.35970833333333,
    "energy_kwh_std": 1.3040991344669166,
    "cost_mean": 210.87766666666664,
    "comfort_mean": 0.8401145833333333,
    "comfort_std": 0.004973333839505127,
    "reward_mean": 16.237033333333326
  },
  "0.6": {
    "energy_kwh_mean": 25.092406250000003,
    "energy_kwh_std": 1.2953319806955548,
    "cost_mean": 200.73925000000003,
    "comfort_mean": 0.8116423611111111,
    "comfort_std": 0.005837404539957586,
    "reward_mean": -43.93271666666667
  },
  "0.9": {
    "energy_kwh_mean": 26.54786458333334,
    "energy_kwh_std": 1.3075418512678059,
    "cost_mean": 212.38291666666672,
    "comfort_mean": 0.8328923611111111,
    "comfort_std": 0.00474173994483832,
    "reward_mean": -112.85912500000002
  }
}